<?php version="1.0" encoding="UTF-8"?>
<entries>
<entry rep="/" type="active" url="index.html">1. Página 1</entry>
<entry rep="/" type="active" url="pag2.html">2. Página 2</entry>
<entry rep="/" type="active" url="pag3.html">3. Página 3</entry>
<entry rep="/" type="active" url="pag4.html">4. Página 4</entry>
<entry rep="/" type="active" url="pag5.html">5. Página 5</entry>
<entry rep="/" type="active" url="pag6.html">6. Página 6</entry>
<entry rep="/" type="active" url="pag7.html">7. Página 7</entry>
<entry rep="/" type="active" url="pag8.html">8. Página 8</entry>
<entry rep="/" type="active" url="pag9.html">9. Página 9</entry>
</entries>
